,time_period,disease_cases,location
0,2023W16,3.0,FRmrFTE63D0
1,2023W17,5.0,FRmrFTE63D0
2,2023W18,9.0,FRmrFTE63D0
3,2023W19,11.0,FRmrFTE63D0
4,2023W20,19.0,FRmrFTE63D0
5,2023W21,26.0,FRmrFTE63D0
6,2023W22,48.0,FRmrFTE63D0
7,2023W23,42.0,FRmrFTE63D0
8,2023W24,45.0,FRmrFTE63D0
9,2023W25,25.0,FRmrFTE63D0
10,2023W26,18.0,FRmrFTE63D0
11,2023W27,14.0,FRmrFTE63D0
12,2023W28,20.0,FRmrFTE63D0
13,2023W29,16.0,FRmrFTE63D0
14,2023W30,8.0,FRmrFTE63D0
15,2023W31,4.0,FRmrFTE63D0
16,2023W32,6.0,FRmrFTE63D0
17,2023W33,1.0,FRmrFTE63D0
18,2023W34,2.0,FRmrFTE63D0
19,2023W35,,FRmrFTE63D0
20,2023W36,,FRmrFTE63D0
21,2023W37,2.0,FRmrFTE63D0
22,2023W38,,FRmrFTE63D0
23,2023W39,1.0,FRmrFTE63D0
24,2023W40,,FRmrFTE63D0
25,2023W41,,FRmrFTE63D0
26,2023W42,,FRmrFTE63D0
27,2023W43,,FRmrFTE63D0
28,2023W44,38.0,FRmrFTE63D0
29,2023W45,29.0,FRmrFTE63D0
30,2023W46,26.0,FRmrFTE63D0
31,2023W47,18.0,FRmrFTE63D0
32,2023W48,38.0,FRmrFTE63D0
33,2023W49,36.0,FRmrFTE63D0
34,2023W50,44.0,FRmrFTE63D0
35,2023W51,27.0,FRmrFTE63D0
36,2023W52,40.0,FRmrFTE63D0
37,2024W1,33.0,FRmrFTE63D0
38,2024W2,19.0,FRmrFTE63D0
39,2024W3,31.0,FRmrFTE63D0
40,2024W4,39.0,FRmrFTE63D0
41,2024W5,27.0,FRmrFTE63D0
42,2024W6,24.0,FRmrFTE63D0
43,2024W7,23.0,FRmrFTE63D0
44,2024W8,21.0,FRmrFTE63D0
45,2024W9,31.0,FRmrFTE63D0
46,2024W10,25.0,FRmrFTE63D0
47,2024W11,33.0,FRmrFTE63D0
48,2024W12,34.0,FRmrFTE63D0
49,2024W13,28.0,FRmrFTE63D0
50,2024W14,29.0,FRmrFTE63D0
51,2024W15,27.0,FRmrFTE63D0
0,2023W17,2.0,K27JzTKmBKh
1,2023W18,2.0,K27JzTKmBKh
2,2023W19,,K27JzTKmBKh
3,2023W20,3.0,K27JzTKmBKh
4,2023W21,3.0,K27JzTKmBKh
5,2023W22,,K27JzTKmBKh
6,2023W23,,K27JzTKmBKh
7,2023W24,1.0,K27JzTKmBKh
8,2023W25,,K27JzTKmBKh
9,2023W26,,K27JzTKmBKh
10,2023W27,,K27JzTKmBKh
11,2023W28,,K27JzTKmBKh
12,2023W29,,K27JzTKmBKh
13,2023W30,,K27JzTKmBKh
14,2023W31,,K27JzTKmBKh
15,2023W32,,K27JzTKmBKh
16,2023W33,,K27JzTKmBKh
17,2023W34,1.0,K27JzTKmBKh
18,2023W35,,K27JzTKmBKh
19,2023W36,,K27JzTKmBKh
20,2023W37,,K27JzTKmBKh
21,2023W38,,K27JzTKmBKh
22,2023W39,,K27JzTKmBKh
23,2023W40,,K27JzTKmBKh
24,2023W41,,K27JzTKmBKh
25,2023W42,,K27JzTKmBKh
26,2023W43,,K27JzTKmBKh
27,2023W44,12.0,K27JzTKmBKh
28,2023W45,13.0,K27JzTKmBKh
29,2023W46,17.0,K27JzTKmBKh
30,2023W47,6.0,K27JzTKmBKh
31,2023W48,5.0,K27JzTKmBKh
32,2023W49,7.0,K27JzTKmBKh
33,2023W50,9.0,K27JzTKmBKh
34,2023W51,12.0,K27JzTKmBKh
35,2023W52,19.0,K27JzTKmBKh
36,2024W1,18.0,K27JzTKmBKh
37,2024W2,15.0,K27JzTKmBKh
38,2024W3,6.0,K27JzTKmBKh
39,2024W4,13.0,K27JzTKmBKh
40,2024W5,13.0,K27JzTKmBKh
41,2024W6,10.0,K27JzTKmBKh
42,2024W7,19.0,K27JzTKmBKh
43,2024W8,13.0,K27JzTKmBKh
44,2024W9,14.0,K27JzTKmBKh
45,2024W10,11.0,K27JzTKmBKh
46,2024W11,12.0,K27JzTKmBKh
47,2024W12,18.0,K27JzTKmBKh
48,2024W13,25.0,K27JzTKmBKh
49,2024W14,17.0,K27JzTKmBKh
50,2024W15,9.0,K27JzTKmBKh
0,2023W16,9.0,MBZYTqkEgwf
1,2023W17,9.0,MBZYTqkEgwf
2,2023W18,3.0,MBZYTqkEgwf
3,2023W19,12.0,MBZYTqkEgwf
4,2023W20,12.0,MBZYTqkEgwf
5,2023W21,12.0,MBZYTqkEgwf
6,2023W22,11.0,MBZYTqkEgwf
7,2023W23,7.0,MBZYTqkEgwf
8,2023W24,9.0,MBZYTqkEgwf
9,2023W25,11.0,MBZYTqkEgwf
10,2023W26,15.0,MBZYTqkEgwf
11,2023W27,9.0,MBZYTqkEgwf
12,2023W28,12.0,MBZYTqkEgwf
13,2023W29,11.0,MBZYTqkEgwf
14,2023W30,5.0,MBZYTqkEgwf
15,2023W31,14.0,MBZYTqkEgwf
16,2023W32,13.0,MBZYTqkEgwf
17,2023W33,10.0,MBZYTqkEgwf
18,2023W34,8.0,MBZYTqkEgwf
19,2023W35,4.0,MBZYTqkEgwf
20,2023W36,4.0,MBZYTqkEgwf
21,2023W37,3.0,MBZYTqkEgwf
22,2023W38,,MBZYTqkEgwf
23,2023W39,3.0,MBZYTqkEgwf
24,2023W40,2.0,MBZYTqkEgwf
25,2023W41,3.0,MBZYTqkEgwf
26,2023W42,,MBZYTqkEgwf
27,2023W43,,MBZYTqkEgwf
28,2023W44,31.0,MBZYTqkEgwf
29,2023W45,43.0,MBZYTqkEgwf
30,2023W46,43.0,MBZYTqkEgwf
31,2023W47,28.0,MBZYTqkEgwf
32,2023W48,36.0,MBZYTqkEgwf
33,2023W49,29.0,MBZYTqkEgwf
34,2023W50,20.0,MBZYTqkEgwf
35,2023W51,26.0,MBZYTqkEgwf
36,2023W52,32.0,MBZYTqkEgwf
37,2024W1,29.0,MBZYTqkEgwf
38,2024W2,15.0,MBZYTqkEgwf
39,2024W3,25.0,MBZYTqkEgwf
40,2024W4,23.0,MBZYTqkEgwf
41,2024W5,25.0,MBZYTqkEgwf
42,2024W6,16.0,MBZYTqkEgwf
43,2024W7,25.0,MBZYTqkEgwf
44,2024W8,30.0,MBZYTqkEgwf
45,2024W9,23.0,MBZYTqkEgwf
46,2024W10,21.0,MBZYTqkEgwf
47,2024W11,15.0,MBZYTqkEgwf
48,2024W12,18.0,MBZYTqkEgwf
49,2024W13,20.0,MBZYTqkEgwf
50,2024W14,17.0,MBZYTqkEgwf
51,2024W15,24.0,MBZYTqkEgwf
0,2023W21,1.0,RdNV4tTRNEo
1,2023W22,,RdNV4tTRNEo
2,2023W23,1.0,RdNV4tTRNEo
3,2023W24,2.0,RdNV4tTRNEo
4,2023W25,,RdNV4tTRNEo
5,2023W26,,RdNV4tTRNEo
6,2023W27,,RdNV4tTRNEo
7,2023W28,,RdNV4tTRNEo
8,2023W29,1.0,RdNV4tTRNEo
9,2023W30,,RdNV4tTRNEo
10,2023W31,,RdNV4tTRNEo
11,2023W32,1.0,RdNV4tTRNEo
12,2023W33,,RdNV4tTRNEo
13,2023W34,,RdNV4tTRNEo
14,2023W35,,RdNV4tTRNEo
15,2023W36,,RdNV4tTRNEo
16,2023W37,,RdNV4tTRNEo
17,2023W38,,RdNV4tTRNEo
18,2023W39,,RdNV4tTRNEo
19,2023W40,,RdNV4tTRNEo
20,2023W41,,RdNV4tTRNEo
21,2023W42,,RdNV4tTRNEo
22,2023W43,,RdNV4tTRNEo
23,2023W44,15.0,RdNV4tTRNEo
24,2023W45,17.0,RdNV4tTRNEo
25,2023W46,21.0,RdNV4tTRNEo
26,2023W47,12.0,RdNV4tTRNEo
27,2023W48,20.0,RdNV4tTRNEo
28,2023W49,18.0,RdNV4tTRNEo
29,2023W50,21.0,RdNV4tTRNEo
30,2023W51,21.0,RdNV4tTRNEo
31,2023W52,23.0,RdNV4tTRNEo
32,2024W1,29.0,RdNV4tTRNEo
33,2024W2,32.0,RdNV4tTRNEo
34,2024W3,27.0,RdNV4tTRNEo
35,2024W4,18.0,RdNV4tTRNEo
36,2024W5,23.0,RdNV4tTRNEo
37,2024W6,19.0,RdNV4tTRNEo
38,2024W7,20.0,RdNV4tTRNEo
39,2024W8,20.0,RdNV4tTRNEo
40,2024W9,17.0,RdNV4tTRNEo
41,2024W10,26.0,RdNV4tTRNEo
42,2024W11,24.0,RdNV4tTRNEo
43,2024W12,12.0,RdNV4tTRNEo
44,2024W13,28.0,RdNV4tTRNEo
45,2024W14,15.0,RdNV4tTRNEo
46,2024W15,21.0,RdNV4tTRNEo
0,2023W17,3.0,TOgZ99Jv0bN
1,2023W18,,TOgZ99Jv0bN
2,2023W19,,TOgZ99Jv0bN
3,2023W20,,TOgZ99Jv0bN
4,2023W21,,TOgZ99Jv0bN
5,2023W22,,TOgZ99Jv0bN
6,2023W23,,TOgZ99Jv0bN
7,2023W24,,TOgZ99Jv0bN
8,2023W25,,TOgZ99Jv0bN
9,2023W26,,TOgZ99Jv0bN
10,2023W27,,TOgZ99Jv0bN
11,2023W28,,TOgZ99Jv0bN
12,2023W29,,TOgZ99Jv0bN
13,2023W30,1.0,TOgZ99Jv0bN
14,2023W31,,TOgZ99Jv0bN
15,2023W32,3.0,TOgZ99Jv0bN
16,2023W33,5.0,TOgZ99Jv0bN
17,2023W34,,TOgZ99Jv0bN
18,2023W35,1.0,TOgZ99Jv0bN
19,2023W36,,TOgZ99Jv0bN
20,2023W37,,TOgZ99Jv0bN
21,2023W38,,TOgZ99Jv0bN
22,2023W39,1.0,TOgZ99Jv0bN
23,2023W40,,TOgZ99Jv0bN
24,2023W41,,TOgZ99Jv0bN
25,2023W42,1.0,TOgZ99Jv0bN
26,2023W43,,TOgZ99Jv0bN
27,2023W44,67.0,TOgZ99Jv0bN
28,2023W45,64.0,TOgZ99Jv0bN
29,2023W46,47.0,TOgZ99Jv0bN
30,2023W47,39.0,TOgZ99Jv0bN
31,2023W48,57.0,TOgZ99Jv0bN
32,2023W49,62.0,TOgZ99Jv0bN
33,2023W50,73.0,TOgZ99Jv0bN
34,2023W51,54.0,TOgZ99Jv0bN
35,2023W52,65.0,TOgZ99Jv0bN
36,2024W1,79.0,TOgZ99Jv0bN
37,2024W2,51.0,TOgZ99Jv0bN
38,2024W3,52.0,TOgZ99Jv0bN
39,2024W4,65.0,TOgZ99Jv0bN
40,2024W5,66.0,TOgZ99Jv0bN
41,2024W6,40.0,TOgZ99Jv0bN
42,2024W7,54.0,TOgZ99Jv0bN
43,2024W8,61.0,TOgZ99Jv0bN
44,2024W9,55.0,TOgZ99Jv0bN
45,2024W10,66.0,TOgZ99Jv0bN
46,2024W11,37.0,TOgZ99Jv0bN
47,2024W12,67.0,TOgZ99Jv0bN
48,2024W13,68.0,TOgZ99Jv0bN
49,2024W14,63.0,TOgZ99Jv0bN
50,2024W15,73.0,TOgZ99Jv0bN
0,2023W31,1.0,VWGSudnonm5
1,2023W32,,VWGSudnonm5
2,2023W33,1.0,VWGSudnonm5
3,2023W34,,VWGSudnonm5
4,2023W35,,VWGSudnonm5
5,2023W36,,VWGSudnonm5
6,2023W37,,VWGSudnonm5
7,2023W38,,VWGSudnonm5
8,2023W39,,VWGSudnonm5
9,2023W40,,VWGSudnonm5
10,2023W41,,VWGSudnonm5
11,2023W42,,VWGSudnonm5
12,2023W43,,VWGSudnonm5
13,2023W44,43.0,VWGSudnonm5
14,2023W45,42.0,VWGSudnonm5
15,2023W46,39.0,VWGSudnonm5
16,2023W47,31.0,VWGSudnonm5
17,2023W48,38.0,VWGSudnonm5
18,2023W49,36.0,VWGSudnonm5
19,2023W50,46.0,VWGSudnonm5
20,2023W51,41.0,VWGSudnonm5
21,2023W52,61.0,VWGSudnonm5
22,2024W1,44.0,VWGSudnonm5
23,2024W2,41.0,VWGSudnonm5
24,2024W3,57.0,VWGSudnonm5
25,2024W4,59.0,VWGSudnonm5
26,2024W5,48.0,VWGSudnonm5
27,2024W6,46.0,VWGSudnonm5
28,2024W7,61.0,VWGSudnonm5
29,2024W8,61.0,VWGSudnonm5
30,2024W9,63.0,VWGSudnonm5
31,2024W10,58.0,VWGSudnonm5
32,2024W11,74.0,VWGSudnonm5
33,2024W12,60.0,VWGSudnonm5
34,2024W13,61.0,VWGSudnonm5
35,2024W14,47.0,VWGSudnonm5
36,2024W15,45.0,VWGSudnonm5
0,2023W16,11.0,W6sNfkJcXGC
1,2023W17,11.0,W6sNfkJcXGC
2,2023W18,6.0,W6sNfkJcXGC
3,2023W19,18.0,W6sNfkJcXGC
4,2023W20,13.0,W6sNfkJcXGC
5,2023W21,48.0,W6sNfkJcXGC
6,2023W22,15.0,W6sNfkJcXGC
7,2023W23,8.0,W6sNfkJcXGC
8,2023W24,7.0,W6sNfkJcXGC
9,2023W25,6.0,W6sNfkJcXGC
10,2023W26,3.0,W6sNfkJcXGC
11,2023W27,3.0,W6sNfkJcXGC
12,2023W28,2.0,W6sNfkJcXGC
13,2023W29,1.0,W6sNfkJcXGC
14,2023W30,1.0,W6sNfkJcXGC
15,2023W31,4.0,W6sNfkJcXGC
16,2023W32,2.0,W6sNfkJcXGC
17,2023W33,,W6sNfkJcXGC
18,2023W34,2.0,W6sNfkJcXGC
19,2023W35,7.0,W6sNfkJcXGC
20,2023W36,8.0,W6sNfkJcXGC
21,2023W37,2.0,W6sNfkJcXGC
22,2023W38,4.0,W6sNfkJcXGC
23,2023W39,,W6sNfkJcXGC
24,2023W40,,W6sNfkJcXGC
25,2023W41,,W6sNfkJcXGC
26,2023W42,,W6sNfkJcXGC
27,2023W43,,W6sNfkJcXGC
28,2023W44,14.0,W6sNfkJcXGC
29,2023W45,22.0,W6sNfkJcXGC
30,2023W46,16.0,W6sNfkJcXGC
31,2023W47,4.0,W6sNfkJcXGC
32,2023W48,12.0,W6sNfkJcXGC
33,2023W49,12.0,W6sNfkJcXGC
34,2023W50,11.0,W6sNfkJcXGC
35,2023W51,8.0,W6sNfkJcXGC
36,2023W52,9.0,W6sNfkJcXGC
37,2024W1,21.0,W6sNfkJcXGC
38,2024W2,13.0,W6sNfkJcXGC
39,2024W3,14.0,W6sNfkJcXGC
40,2024W4,16.0,W6sNfkJcXGC
41,2024W5,20.0,W6sNfkJcXGC
42,2024W6,17.0,W6sNfkJcXGC
43,2024W7,16.0,W6sNfkJcXGC
44,2024W8,9.0,W6sNfkJcXGC
45,2024W9,11.0,W6sNfkJcXGC
46,2024W10,16.0,W6sNfkJcXGC
47,2024W11,12.0,W6sNfkJcXGC
48,2024W12,11.0,W6sNfkJcXGC
49,2024W13,17.0,W6sNfkJcXGC
50,2024W14,16.0,W6sNfkJcXGC
51,2024W15,8.0,W6sNfkJcXGC
0,2023W16,8.0,XKGgynPS1WZ
1,2023W17,7.0,XKGgynPS1WZ
2,2023W18,21.0,XKGgynPS1WZ
3,2023W19,44.0,XKGgynPS1WZ
4,2023W20,47.0,XKGgynPS1WZ
5,2023W21,23.0,XKGgynPS1WZ
6,2023W22,40.0,XKGgynPS1WZ
7,2023W23,21.0,XKGgynPS1WZ
8,2023W24,9.0,XKGgynPS1WZ
9,2023W25,9.0,XKGgynPS1WZ
10,2023W26,7.0,XKGgynPS1WZ
11,2023W27,13.0,XKGgynPS1WZ
12,2023W28,3.0,XKGgynPS1WZ
13,2023W29,2.0,XKGgynPS1WZ
14,2023W30,4.0,XKGgynPS1WZ
15,2023W31,6.0,XKGgynPS1WZ
16,2023W32,4.0,XKGgynPS1WZ
17,2023W33,2.0,XKGgynPS1WZ
18,2023W34,,XKGgynPS1WZ
19,2023W35,4.0,XKGgynPS1WZ
20,2023W36,1.0,XKGgynPS1WZ
21,2023W37,1.0,XKGgynPS1WZ
22,2023W38,1.0,XKGgynPS1WZ
23,2023W39,4.0,XKGgynPS1WZ
24,2023W40,,XKGgynPS1WZ
25,2023W41,,XKGgynPS1WZ
26,2023W42,,XKGgynPS1WZ
27,2023W43,1.0,XKGgynPS1WZ
28,2023W44,20.0,XKGgynPS1WZ
29,2023W45,30.0,XKGgynPS1WZ
30,2023W46,25.0,XKGgynPS1WZ
31,2023W47,26.0,XKGgynPS1WZ
32,2023W48,26.0,XKGgynPS1WZ
33,2023W49,30.0,XKGgynPS1WZ
34,2023W50,22.0,XKGgynPS1WZ
35,2023W51,21.0,XKGgynPS1WZ
36,2023W52,28.0,XKGgynPS1WZ
37,2024W1,32.0,XKGgynPS1WZ
38,2024W2,30.0,XKGgynPS1WZ
39,2024W3,24.0,XKGgynPS1WZ
40,2024W4,33.0,XKGgynPS1WZ
41,2024W5,38.0,XKGgynPS1WZ
42,2024W6,30.0,XKGgynPS1WZ
43,2024W7,28.0,XKGgynPS1WZ
44,2024W8,36.0,XKGgynPS1WZ
45,2024W9,40.0,XKGgynPS1WZ
46,2024W10,38.0,XKGgynPS1WZ
47,2024W11,31.0,XKGgynPS1WZ
48,2024W12,23.0,XKGgynPS1WZ
49,2024W13,38.0,XKGgynPS1WZ
50,2024W14,45.0,XKGgynPS1WZ
51,2024W15,29.0,XKGgynPS1WZ
0,2023W32,1.0,YvLOmtTQD6b
1,2023W33,,YvLOmtTQD6b
2,2023W34,,YvLOmtTQD6b
3,2023W35,,YvLOmtTQD6b
4,2023W36,2.0,YvLOmtTQD6b
5,2023W37,,YvLOmtTQD6b
6,2023W38,,YvLOmtTQD6b
7,2023W39,,YvLOmtTQD6b
8,2023W40,,YvLOmtTQD6b
9,2023W41,,YvLOmtTQD6b
10,2023W42,,YvLOmtTQD6b
11,2023W43,,YvLOmtTQD6b
12,2023W44,9.0,YvLOmtTQD6b
13,2023W45,8.0,YvLOmtTQD6b
14,2023W46,11.0,YvLOmtTQD6b
15,2023W47,8.0,YvLOmtTQD6b
16,2023W48,7.0,YvLOmtTQD6b
17,2023W49,8.0,YvLOmtTQD6b
18,2023W50,7.0,YvLOmtTQD6b
19,2023W51,4.0,YvLOmtTQD6b
20,2023W52,7.0,YvLOmtTQD6b
21,2024W1,11.0,YvLOmtTQD6b
22,2024W2,9.0,YvLOmtTQD6b
23,2024W3,5.0,YvLOmtTQD6b
24,2024W4,7.0,YvLOmtTQD6b
25,2024W5,11.0,YvLOmtTQD6b
26,2024W6,7.0,YvLOmtTQD6b
27,2024W7,4.0,YvLOmtTQD6b
28,2024W8,17.0,YvLOmtTQD6b
29,2024W9,8.0,YvLOmtTQD6b
30,2024W10,10.0,YvLOmtTQD6b
31,2024W11,3.0,YvLOmtTQD6b
32,2024W12,11.0,YvLOmtTQD6b
33,2024W13,3.0,YvLOmtTQD6b
34,2024W14,3.0,YvLOmtTQD6b
35,2024W15,14.0,YvLOmtTQD6b
0,2023W16,5.0,c4HrGRJoarj
1,2023W17,7.0,c4HrGRJoarj
2,2023W18,6.0,c4HrGRJoarj
3,2023W19,3.0,c4HrGRJoarj
4,2023W20,4.0,c4HrGRJoarj
5,2023W21,1.0,c4HrGRJoarj
6,2023W22,9.0,c4HrGRJoarj
7,2023W23,1.0,c4HrGRJoarj
8,2023W24,4.0,c4HrGRJoarj
9,2023W25,9.0,c4HrGRJoarj
10,2023W26,5.0,c4HrGRJoarj
11,2023W27,,c4HrGRJoarj
12,2023W28,13.0,c4HrGRJoarj
13,2023W29,16.0,c4HrGRJoarj
14,2023W30,18.0,c4HrGRJoarj
15,2023W31,,c4HrGRJoarj
16,2023W32,,c4HrGRJoarj
17,2023W33,,c4HrGRJoarj
18,2023W34,,c4HrGRJoarj
19,2023W35,,c4HrGRJoarj
20,2023W36,,c4HrGRJoarj
21,2023W37,,c4HrGRJoarj
22,2023W38,,c4HrGRJoarj
23,2023W39,,c4HrGRJoarj
24,2023W40,1.0,c4HrGRJoarj
25,2023W41,,c4HrGRJoarj
26,2023W42,,c4HrGRJoarj
27,2023W43,1.0,c4HrGRJoarj
28,2023W44,19.0,c4HrGRJoarj
29,2023W45,13.0,c4HrGRJoarj
30,2023W46,27.0,c4HrGRJoarj
31,2023W47,10.0,c4HrGRJoarj
32,2023W48,33.0,c4HrGRJoarj
33,2023W49,17.0,c4HrGRJoarj
34,2023W50,23.0,c4HrGRJoarj
35,2023W51,30.0,c4HrGRJoarj
36,2023W52,29.0,c4HrGRJoarj
37,2024W1,31.0,c4HrGRJoarj
38,2024W2,23.0,c4HrGRJoarj
39,2024W3,29.0,c4HrGRJoarj
40,2024W4,35.0,c4HrGRJoarj
41,2024W5,45.0,c4HrGRJoarj
42,2024W6,25.0,c4HrGRJoarj
43,2024W7,43.0,c4HrGRJoarj
44,2024W8,37.0,c4HrGRJoarj
45,2024W9,36.0,c4HrGRJoarj
46,2024W10,42.0,c4HrGRJoarj
47,2024W11,42.0,c4HrGRJoarj
48,2024W12,16.0,c4HrGRJoarj
49,2024W13,40.0,c4HrGRJoarj
50,2024W14,37.0,c4HrGRJoarj
51,2024W15,33.0,c4HrGRJoarj
0,2023W17,6.0,dOhqCNenSjS
1,2023W18,6.0,dOhqCNenSjS
2,2023W19,,dOhqCNenSjS
3,2023W20,4.0,dOhqCNenSjS
4,2023W21,4.0,dOhqCNenSjS
5,2023W22,9.0,dOhqCNenSjS
6,2023W23,4.0,dOhqCNenSjS
7,2023W24,4.0,dOhqCNenSjS
8,2023W25,2.0,dOhqCNenSjS
9,2023W26,3.0,dOhqCNenSjS
10,2023W27,2.0,dOhqCNenSjS
11,2023W28,1.0,dOhqCNenSjS
12,2023W29,1.0,dOhqCNenSjS
13,2023W30,2.0,dOhqCNenSjS
14,2023W31,,dOhqCNenSjS
15,2023W32,,dOhqCNenSjS
16,2023W33,2.0,dOhqCNenSjS
17,2023W34,,dOhqCNenSjS
18,2023W35,,dOhqCNenSjS
19,2023W36,1.0,dOhqCNenSjS
20,2023W37,,dOhqCNenSjS
21,2023W38,,dOhqCNenSjS
22,2023W39,,dOhqCNenSjS
23,2023W40,,dOhqCNenSjS
24,2023W41,1.0,dOhqCNenSjS
25,2023W42,,dOhqCNenSjS
26,2023W43,1.0,dOhqCNenSjS
27,2023W44,13.0,dOhqCNenSjS
28,2023W45,15.0,dOhqCNenSjS
29,2023W46,17.0,dOhqCNenSjS
30,2023W47,10.0,dOhqCNenSjS
31,2023W48,5.0,dOhqCNenSjS
32,2023W49,4.0,dOhqCNenSjS
33,2023W50,1.0,dOhqCNenSjS
34,2023W51,6.0,dOhqCNenSjS
35,2023W52,10.0,dOhqCNenSjS
36,2024W1,17.0,dOhqCNenSjS
37,2024W2,18.0,dOhqCNenSjS
38,2024W3,19.0,dOhqCNenSjS
39,2024W4,16.0,dOhqCNenSjS
40,2024W5,17.0,dOhqCNenSjS
41,2024W6,13.0,dOhqCNenSjS
42,2024W7,13.0,dOhqCNenSjS
43,2024W8,8.0,dOhqCNenSjS
44,2024W9,7.0,dOhqCNenSjS
45,2024W10,6.0,dOhqCNenSjS
46,2024W11,9.0,dOhqCNenSjS
47,2024W12,9.0,dOhqCNenSjS
48,2024W13,16.0,dOhqCNenSjS
49,2024W14,28.0,dOhqCNenSjS
50,2024W15,33.0,dOhqCNenSjS
0,2023W16,3.0,hRQsZhmvqgS
1,2023W17,16.0,hRQsZhmvqgS
2,2023W18,3.0,hRQsZhmvqgS
3,2023W19,4.0,hRQsZhmvqgS
4,2023W20,6.0,hRQsZhmvqgS
5,2023W21,8.0,hRQsZhmvqgS
6,2023W22,4.0,hRQsZhmvqgS
7,2023W23,2.0,hRQsZhmvqgS
8,2023W24,6.0,hRQsZhmvqgS
9,2023W25,11.0,hRQsZhmvqgS
10,2023W26,6.0,hRQsZhmvqgS
11,2023W27,4.0,hRQsZhmvqgS
12,2023W28,3.0,hRQsZhmvqgS
13,2023W29,1.0,hRQsZhmvqgS
14,2023W30,3.0,hRQsZhmvqgS
15,2023W31,10.0,hRQsZhmvqgS
16,2023W32,5.0,hRQsZhmvqgS
17,2023W33,7.0,hRQsZhmvqgS
18,2023W34,3.0,hRQsZhmvqgS
19,2023W35,9.0,hRQsZhmvqgS
20,2023W36,,hRQsZhmvqgS
21,2023W37,,hRQsZhmvqgS
22,2023W38,1.0,hRQsZhmvqgS
23,2023W39,4.0,hRQsZhmvqgS
24,2023W40,5.0,hRQsZhmvqgS
25,2023W41,,hRQsZhmvqgS
26,2023W42,,hRQsZhmvqgS
27,2023W43,8.0,hRQsZhmvqgS
28,2023W44,8.0,hRQsZhmvqgS
29,2023W45,8.0,hRQsZhmvqgS
30,2023W46,13.0,hRQsZhmvqgS
31,2023W47,12.0,hRQsZhmvqgS
32,2023W48,14.0,hRQsZhmvqgS
33,2023W49,10.0,hRQsZhmvqgS
34,2023W50,5.0,hRQsZhmvqgS
35,2023W51,6.0,hRQsZhmvqgS
36,2023W52,18.0,hRQsZhmvqgS
37,2024W1,20.0,hRQsZhmvqgS
38,2024W2,2.0,hRQsZhmvqgS
39,2024W3,8.0,hRQsZhmvqgS
40,2024W4,9.0,hRQsZhmvqgS
41,2024W5,19.0,hRQsZhmvqgS
42,2024W6,16.0,hRQsZhmvqgS
43,2024W7,24.0,hRQsZhmvqgS
44,2024W8,17.0,hRQsZhmvqgS
45,2024W9,13.0,hRQsZhmvqgS
46,2024W10,15.0,hRQsZhmvqgS
47,2024W11,5.0,hRQsZhmvqgS
48,2024W12,13.0,hRQsZhmvqgS
49,2024W13,21.0,hRQsZhmvqgS
50,2024W14,15.0,hRQsZhmvqgS
51,2024W15,19.0,hRQsZhmvqgS
0,2023W44,66,hdeC7uX9Cko
1,2023W45,48,hdeC7uX9Cko
2,2023W46,42,hdeC7uX9Cko
3,2023W47,46,hdeC7uX9Cko
4,2023W48,54,hdeC7uX9Cko
5,2023W49,70,hdeC7uX9Cko
6,2023W50,76,hdeC7uX9Cko
7,2023W51,68,hdeC7uX9Cko
8,2023W52,66,hdeC7uX9Cko
9,2024W1,92,hdeC7uX9Cko
10,2024W2,94,hdeC7uX9Cko
11,2024W3,79,hdeC7uX9Cko
12,2024W4,92,hdeC7uX9Cko
13,2024W5,75,hdeC7uX9Cko
14,2024W6,62,hdeC7uX9Cko
15,2024W7,77,hdeC7uX9Cko
16,2024W8,100,hdeC7uX9Cko
17,2024W9,101,hdeC7uX9Cko
18,2024W10,66,hdeC7uX9Cko
19,2024W11,95,hdeC7uX9Cko
20,2024W12,75,hdeC7uX9Cko
21,2024W13,75,hdeC7uX9Cko
22,2024W14,87,hdeC7uX9Cko
23,2024W15,61,hdeC7uX9Cko
0,2023W16,21.0,pFCZqWnXtoU
1,2023W17,38.0,pFCZqWnXtoU
2,2023W18,68.0,pFCZqWnXtoU
3,2023W19,44.0,pFCZqWnXtoU
4,2023W20,25.0,pFCZqWnXtoU
5,2023W21,22.0,pFCZqWnXtoU
6,2023W22,41.0,pFCZqWnXtoU
7,2023W23,46.0,pFCZqWnXtoU
8,2023W24,31.0,pFCZqWnXtoU
9,2023W25,34.0,pFCZqWnXtoU
10,2023W26,34.0,pFCZqWnXtoU
11,2023W27,38.0,pFCZqWnXtoU
12,2023W28,20.0,pFCZqWnXtoU
13,2023W29,9.0,pFCZqWnXtoU
14,2023W30,5.0,pFCZqWnXtoU
15,2023W31,1.0,pFCZqWnXtoU
16,2023W32,2.0,pFCZqWnXtoU
17,2023W33,3.0,pFCZqWnXtoU
18,2023W34,2.0,pFCZqWnXtoU
19,2023W35,1.0,pFCZqWnXtoU
20,2023W36,2.0,pFCZqWnXtoU
21,2023W37,,pFCZqWnXtoU
22,2023W38,,pFCZqWnXtoU
23,2023W39,,pFCZqWnXtoU
24,2023W40,,pFCZqWnXtoU
25,2023W41,,pFCZqWnXtoU
26,2023W42,,pFCZqWnXtoU
27,2023W43,,pFCZqWnXtoU
28,2023W44,34.0,pFCZqWnXtoU
29,2023W45,41.0,pFCZqWnXtoU
30,2023W46,50.0,pFCZqWnXtoU
31,2023W47,35.0,pFCZqWnXtoU
32,2023W48,30.0,pFCZqWnXtoU
33,2023W49,31.0,pFCZqWnXtoU
34,2023W50,36.0,pFCZqWnXtoU
35,2023W51,40.0,pFCZqWnXtoU
36,2023W52,48.0,pFCZqWnXtoU
37,2024W1,35.0,pFCZqWnXtoU
38,2024W2,53.0,pFCZqWnXtoU
39,2024W3,48.0,pFCZqWnXtoU
40,2024W4,41.0,pFCZqWnXtoU
41,2024W5,40.0,pFCZqWnXtoU
42,2024W6,26.0,pFCZqWnXtoU
43,2024W7,48.0,pFCZqWnXtoU
44,2024W8,43.0,pFCZqWnXtoU
45,2024W9,59.0,pFCZqWnXtoU
46,2024W10,52.0,pFCZqWnXtoU
47,2024W11,39.0,pFCZqWnXtoU
48,2024W12,43.0,pFCZqWnXtoU
49,2024W13,35.0,pFCZqWnXtoU
50,2024W14,33.0,pFCZqWnXtoU
51,2024W15,40.0,pFCZqWnXtoU
0,2023W16,17.0,quFXhkOJGB4
1,2023W17,26.0,quFXhkOJGB4
2,2023W18,20.0,quFXhkOJGB4
3,2023W19,27.0,quFXhkOJGB4
4,2023W20,26.0,quFXhkOJGB4
5,2023W21,15.0,quFXhkOJGB4
6,2023W22,7.0,quFXhkOJGB4
7,2023W23,12.0,quFXhkOJGB4
8,2023W24,9.0,quFXhkOJGB4
9,2023W25,5.0,quFXhkOJGB4
10,2023W26,10.0,quFXhkOJGB4
11,2023W27,9.0,quFXhkOJGB4
12,2023W28,11.0,quFXhkOJGB4
13,2023W29,9.0,quFXhkOJGB4
14,2023W30,5.0,quFXhkOJGB4
15,2023W31,7.0,quFXhkOJGB4
16,2023W32,1.0,quFXhkOJGB4
17,2023W33,5.0,quFXhkOJGB4
18,2023W34,1.0,quFXhkOJGB4
19,2023W35,1.0,quFXhkOJGB4
20,2023W36,1.0,quFXhkOJGB4
21,2023W37,3.0,quFXhkOJGB4
22,2023W38,3.0,quFXhkOJGB4
23,2023W39,6.0,quFXhkOJGB4
24,2023W40,2.0,quFXhkOJGB4
25,2023W41,5.0,quFXhkOJGB4
26,2023W42,4.0,quFXhkOJGB4
27,2023W43,,quFXhkOJGB4
28,2023W44,31.0,quFXhkOJGB4
29,2023W45,41.0,quFXhkOJGB4
30,2023W46,26.0,quFXhkOJGB4
31,2023W47,19.0,quFXhkOJGB4
32,2023W48,21.0,quFXhkOJGB4
33,2023W49,23.0,quFXhkOJGB4
34,2023W50,30.0,quFXhkOJGB4
35,2023W51,15.0,quFXhkOJGB4
36,2023W52,19.0,quFXhkOJGB4
37,2024W1,22.0,quFXhkOJGB4
38,2024W2,16.0,quFXhkOJGB4
39,2024W3,15.0,quFXhkOJGB4
40,2024W4,19.0,quFXhkOJGB4
41,2024W5,8.0,quFXhkOJGB4
42,2024W6,21.0,quFXhkOJGB4
43,2024W7,24.0,quFXhkOJGB4
44,2024W8,14.0,quFXhkOJGB4
45,2024W9,17.0,quFXhkOJGB4
46,2024W10,24.0,quFXhkOJGB4
47,2024W11,22.0,quFXhkOJGB4
48,2024W12,24.0,quFXhkOJGB4
49,2024W13,17.0,quFXhkOJGB4
50,2024W14,20.0,quFXhkOJGB4
51,2024W15,14.0,quFXhkOJGB4
0,2023W21,1.0,rO2RVJWHpCe
1,2023W22,1.0,rO2RVJWHpCe
2,2023W23,3.0,rO2RVJWHpCe
3,2023W24,2.0,rO2RVJWHpCe
4,2023W25,,rO2RVJWHpCe
5,2023W26,,rO2RVJWHpCe
6,2023W27,,rO2RVJWHpCe
7,2023W28,9.0,rO2RVJWHpCe
8,2023W29,3.0,rO2RVJWHpCe
9,2023W30,2.0,rO2RVJWHpCe
10,2023W31,5.0,rO2RVJWHpCe
11,2023W32,3.0,rO2RVJWHpCe
12,2023W33,2.0,rO2RVJWHpCe
13,2023W34,2.0,rO2RVJWHpCe
14,2023W35,3.0,rO2RVJWHpCe
15,2023W36,1.0,rO2RVJWHpCe
16,2023W37,,rO2RVJWHpCe
17,2023W38,5.0,rO2RVJWHpCe
18,2023W39,,rO2RVJWHpCe
19,2023W40,,rO2RVJWHpCe
20,2023W41,,rO2RVJWHpCe
21,2023W42,1.0,rO2RVJWHpCe
22,2023W43,,rO2RVJWHpCe
23,2023W44,53.0,rO2RVJWHpCe
24,2023W45,39.0,rO2RVJWHpCe
25,2023W46,44.0,rO2RVJWHpCe
26,2023W47,29.0,rO2RVJWHpCe
27,2023W48,44.0,rO2RVJWHpCe
28,2023W49,57.0,rO2RVJWHpCe
29,2023W50,38.0,rO2RVJWHpCe
30,2023W51,38.0,rO2RVJWHpCe
31,2023W52,46.0,rO2RVJWHpCe
32,2024W1,37.0,rO2RVJWHpCe
33,2024W2,39.0,rO2RVJWHpCe
34,2024W3,41.0,rO2RVJWHpCe
35,2024W4,21.0,rO2RVJWHpCe
36,2024W5,19.0,rO2RVJWHpCe
37,2024W6,30.0,rO2RVJWHpCe
38,2024W7,32.0,rO2RVJWHpCe
39,2024W8,23.0,rO2RVJWHpCe
40,2024W9,26.0,rO2RVJWHpCe
41,2024W10,40.0,rO2RVJWHpCe
42,2024W11,44.0,rO2RVJWHpCe
43,2024W12,33.0,rO2RVJWHpCe
44,2024W13,36.0,rO2RVJWHpCe
45,2024W14,19.0,rO2RVJWHpCe
46,2024W15,27.0,rO2RVJWHpCe
0,2023W17,1.0,sv6c7CpPcrc
1,2023W18,1.0,sv6c7CpPcrc
2,2023W19,1.0,sv6c7CpPcrc
3,2023W20,2.0,sv6c7CpPcrc
4,2023W21,1.0,sv6c7CpPcrc
5,2023W22,,sv6c7CpPcrc
6,2023W23,,sv6c7CpPcrc
7,2023W24,,sv6c7CpPcrc
8,2023W25,,sv6c7CpPcrc
9,2023W26,1.0,sv6c7CpPcrc
10,2023W27,4.0,sv6c7CpPcrc
11,2023W28,3.0,sv6c7CpPcrc
12,2023W29,4.0,sv6c7CpPcrc
13,2023W30,,sv6c7CpPcrc
14,2023W31,1.0,sv6c7CpPcrc
15,2023W32,,sv6c7CpPcrc
16,2023W33,1.0,sv6c7CpPcrc
17,2023W34,4.0,sv6c7CpPcrc
18,2023W35,1.0,sv6c7CpPcrc
19,2023W36,,sv6c7CpPcrc
20,2023W37,1.0,sv6c7CpPcrc
21,2023W38,1.0,sv6c7CpPcrc
22,2023W39,,sv6c7CpPcrc
23,2023W40,,sv6c7CpPcrc
24,2023W41,,sv6c7CpPcrc
25,2023W42,,sv6c7CpPcrc
26,2023W43,,sv6c7CpPcrc
27,2023W44,41.0,sv6c7CpPcrc
28,2023W45,48.0,sv6c7CpPcrc
29,2023W46,42.0,sv6c7CpPcrc
30,2023W47,37.0,sv6c7CpPcrc
31,2023W48,30.0,sv6c7CpPcrc
32,2023W49,31.0,sv6c7CpPcrc
33,2023W50,41.0,sv6c7CpPcrc
34,2023W51,40.0,sv6c7CpPcrc
35,2023W52,36.0,sv6c7CpPcrc
36,2024W1,32.0,sv6c7CpPcrc
37,2024W2,41.0,sv6c7CpPcrc
38,2024W3,35.0,sv6c7CpPcrc
39,2024W4,25.0,sv6c7CpPcrc
40,2024W5,29.0,sv6c7CpPcrc
41,2024W6,18.0,sv6c7CpPcrc
42,2024W7,39.0,sv6c7CpPcrc
43,2024W8,20.0,sv6c7CpPcrc
44,2024W9,13.0,sv6c7CpPcrc
45,2024W10,21.0,sv6c7CpPcrc
46,2024W11,21.0,sv6c7CpPcrc
47,2024W12,12.0,sv6c7CpPcrc
48,2024W13,18.0,sv6c7CpPcrc
49,2024W14,7.0,sv6c7CpPcrc
50,2024W15,18.0,sv6c7CpPcrc
0,2023W16,4.0,vBWtCmNNnCG
1,2023W17,7.0,vBWtCmNNnCG
2,2023W18,20.0,vBWtCmNNnCG
3,2023W19,24.0,vBWtCmNNnCG
4,2023W20,24.0,vBWtCmNNnCG
5,2023W21,18.0,vBWtCmNNnCG
6,2023W22,15.0,vBWtCmNNnCG
7,2023W23,26.0,vBWtCmNNnCG
8,2023W24,20.0,vBWtCmNNnCG
9,2023W25,12.0,vBWtCmNNnCG
10,2023W26,18.0,vBWtCmNNnCG
11,2023W27,10.0,vBWtCmNNnCG
12,2023W28,28.0,vBWtCmNNnCG
13,2023W29,17.0,vBWtCmNNnCG
14,2023W30,22.0,vBWtCmNNnCG
15,2023W31,38.0,vBWtCmNNnCG
16,2023W32,22.0,vBWtCmNNnCG
17,2023W33,17.0,vBWtCmNNnCG
18,2023W34,7.0,vBWtCmNNnCG
19,2023W35,15.0,vBWtCmNNnCG
20,2023W36,15.0,vBWtCmNNnCG
21,2023W37,,vBWtCmNNnCG
22,2023W38,2.0,vBWtCmNNnCG
23,2023W39,4.0,vBWtCmNNnCG
24,2023W40,1.0,vBWtCmNNnCG
25,2023W41,1.0,vBWtCmNNnCG
26,2023W42,1.0,vBWtCmNNnCG
27,2023W43,,vBWtCmNNnCG
28,2023W44,49.0,vBWtCmNNnCG
29,2023W45,43.0,vBWtCmNNnCG
30,2023W46,25.0,vBWtCmNNnCG
31,2023W47,19.0,vBWtCmNNnCG
32,2023W48,30.0,vBWtCmNNnCG
33,2023W49,33.0,vBWtCmNNnCG
34,2023W50,52.0,vBWtCmNNnCG
35,2023W51,48.0,vBWtCmNNnCG
36,2023W52,52.0,vBWtCmNNnCG
37,2024W1,35.0,vBWtCmNNnCG
38,2024W2,33.0,vBWtCmNNnCG
39,2024W3,43.0,vBWtCmNNnCG
40,2024W4,42.0,vBWtCmNNnCG
41,2024W5,50.0,vBWtCmNNnCG
42,2024W6,30.0,vBWtCmNNnCG
43,2024W7,33.0,vBWtCmNNnCG
44,2024W8,57.0,vBWtCmNNnCG
45,2024W9,44.0,vBWtCmNNnCG
46,2024W10,56.0,vBWtCmNNnCG
47,2024W11,44.0,vBWtCmNNnCG
48,2024W12,40.0,vBWtCmNNnCG
49,2024W13,43.0,vBWtCmNNnCG
50,2024W14,40.0,vBWtCmNNnCG
51,2024W15,50.0,vBWtCmNNnCG
